<?xml version="1.0" encoding="UTF-8" standalone="yes"?>
<addon id="plugin.video.Skyler" version="0.0.1" name="[COLOR gold]Skyler[/COLOR]" provider-name="Hectobo And Gely">

	<requires>
		<import addon="xbmc.python" version="2.19.0" />
		<import addon="script.module.requests" version="2.19.1" />
		<import addon="script.module.beautifulsoup4" version="4.5.3"/>
		<import addon="script.module.metahandler" version="2.9.0" />
		<import addon="plugin.video.youtube" version="6.2.0"/>
		<import addon="script.module.resolveurl" version="5.0.27"/>
		<import addon="script.module.openscrapers" />
		<import addon="script.module.addon.signals" version="0.0.1"/>
	</requires>

	<extension point="xbmc.python.pluginsource" library="main.py">
		<provides>video</provides>
	</extension>

	<extension point="xbmc.service" library="service.py" start="startup" />
	<extension point="xbmc.python.module" library="resources/lib/"/>
	
<extension point="xbmc.addon.repository" name="Repo Breaking Bad">
        <info>https://raw.githubusercontent.com/AddonMike/Repo/master/Repositorio/addons.xml</info>
        <checksum>https://raw.githubusercontent.com/AddonMike/Repo/master/Repositorio/addons.xml.md5</checksum>
        <datadir zip="true">https://raw.githubusercontent.com/AddonMike/Repo/master/Repositorio</datadir>
    </extension>
	
	<extension point="xbmc.addon.metadata">
		<summary lang="en">[B]Addon Skyler[/B] We do not host any of the contents streamed</summary>
		<description lang="en">[B]Skyler[/B][CR] This addon does not form part of the Kodi Media Centre. Please do not seek assistance with this addon from any of the Official Kodi Support Channels.[CR]The author does not host any of the content in this addon and takes no responsibility for content found.</description>
		<platform>all</platform>
		<license>GNU GENERAL PUBLIC LICENSE. Version 3, 29 June 2007</license>
		<forum></forum>
		<website></website>
		<source></source>
		<disclaimer lang="en">The author of this addon do not host any of the content which is found and have no affiliation with any of the content providers. This addon simply searches websites for content. Use at your own risk!</disclaimer>
		<assets>
			<icon>icon.jpg</icon>
			<fanart>fanart.jpg</fanart>
</assets>
		<news>
[B]First Version[/B]
		</news>
	</extension>
</addon>
