<?xml version="1.0" encoding="UTF-8" standalone="yes"?>
<addon id="plugin.audio.MusicFest" name="Music Fest" version="0.0.1" provider-name="Hectobo Y Gely">
    <requires>
        <import addon="xbmc.python" version="2.1.0"/>
        <import addon="script.module.t0mm0.common" version="1.1.0"/>
        <import addon="script.module.mutagen"/>
        <import addon="script.module.requests" version="1.1.0"/>
    </requires>
    <extension point="xbmc.python.pluginsource" library="main.py">
        <provides>video audio</provides>
    </extension>
    <extension point="xbmc.service" library="service.py" start="startup" />
	
	    <extension point="xbmc.addon.repository" name="Repo Breaking Bad">
        <info>https://raw.githubusercontent.com/AddonMike/Repo/master/Repositorio/addons.xml</info>
        <checksum>https://raw.githubusercontent.com/AddonMike/Repo/master/Repositorio/addons.xml.md5</checksum>
        <datadir zip="true">https://raw.githubusercontent.com/AddonMike/Repo/master/Repositorio</datadir>
    </extension>
	
    <extension point="xbmc.addon.metadata">
        <platform>all</platform>
        <summary>Toda Tu Musica Favorita </summary>
        <description>Busca Descarga Escucha.... </description>
        <disclaimer>Este Addon No Contiene Enlaces Propios Son Todo Recopilaciones De Internet </disclaimer>
<news>First Version By Hectobo </news>
        <assets>
            <icon>icon.png</icon>
            <fanart>fanart.jpg</fanart>
        </assets>
    </extension>
</addon>
