<!--Creado Por Equipo Mike
-->
<playercorefactory>
<players>
<player name="Chromecast Mike" type="ExternalPlayer" audio="false" video="true">
<filename>com.instantbits.cast.webvideo</filename>
<hidexbmc>true</hidexbmc>
<playcountminimumtime>120</playcountminimumtime>
</player>
<player name="VIDEOPlayer" type="InternalPlayer" audio="false" video="true">
			<filename>org.xbmc.kodi</filename>
			<hidexbmc>true</hidexbmc>
			<playcountminimumtime>120</playcountminimumtime>
		</player>
</players>
<rules action="prepend">
<!---
********** **********
********** EDIT THIS SECTION **********
********** **********
-->
<rule protocols="smb" player="VIDEOPlayer" />
<rule dvdimage="true" player="VIDEOPlayer"/>
<rule protocols="rtmp" player="VIDEOPlayer"/>
<rule protocols="rtsp" player="VIDEOPlayer" />
<rule protocols="sop" player="VIDEOPlayer" />
<rule internetstream="true" player="VIDEOPlayer" />
<rule video="true" player="VIDEOPlayer"/> <!-- Default for anything else not listed -->
</rules>
</playercorefactory>
